Alpha,Energy,Time
0.2,0.630623916135695,215.6452  
0.25,0.6029352583250969,189.8708  
0.3,0.5555825394741101,156.4841  
0.35,0.5601553808157204,214.1542  
0.4,0.5147022622484334,193.1724  
0.45,0.5116628199350138,195.6912  
0.5,0.5000499997298719,289.4053  
0.55,0.4942359423803463,419.9304  
0.6,0.5183795325917876,269.6995  
0.65,0.5085938406341226,201.1109  
0.7,0.5000344714815703,221.4836  
0.75,0.5922350537382932,173.0914  
0.8,0.5367284204609671,252.1306  
