Alpha,Energy,Time
0.2,0.7151815278141083,337.8121
0.25,0.6194917063752913,284.1997
0.3,0.559345268267337,256.055
0.35,0.5250279755766142,209.7193
0.4,0.5125335415735316,183.527
0.45,0.49928699074269145,217.6847
0.5,0.5000499996069645,230.438
0.55,0.5069054820677725,288.8646
0.6,0.5120824131512925,273.2186
0.65,0.5086472454607353,301.9643
0.7,0.537843348350315,374.9533
0.75,0.5239884785393213,248.3359
0.8,0.5661271261687097,235.9702
