Alpha,Energy,Time
0.2,0.5822222348804637,522.911
0.25,0.5424206558958931,399.7259
0.3,0.651550196045313,339.8517
0.35,0.5534268511428804,305.0183
0.4,0.493148750274348,464.8725
0.45,0.5204560712656642,487.7235
0.5,0.5000499997324815,581.8
0.55,0.5089262801020573,421.2156
0.6,0.5087892560367778,386.3722
0.65,0.5344706346194921,295.581
0.7,0.4844812238787812,321.6495
0.75,0.5606370090566672,296.5323
0.8,0.5423604320479894,291.7263
