Alpha,Energy,Time
0.2,0.8450978553446837,326.4237  
0.25,0.5632086525110914,275.1775  
0.3,0.5796625413160237,304.021  
0.35,0.5248514938649229,329.0906  
0.4,0.48023444536784354,575.2246  
0.45,0.4959437638715657,458.6401  
0.5,0.500049999720304,368.7195  
0.55,0.5061409622559133,356.2324  
0.6,0.4676652435351465,329.9876  
0.65,0.4993998332064839,252.1945  
0.7,0.5092277350175954,265.7626  
0.75,0.5620842334533792,257.5162  
0.8,0.565327474043982,259.4887  
