Alpha,Energy,Energy2,TimeElapsed
0.2,14.21782647354589,456.4686841207799,14.65296954s
0.3,-29.809654950023294,1057.9394607618428,15.653299077s
0.4,-84.10793664617363,7131.892600517578,16.653774838s
0.5,-150,22500,17.653971066s
0.6,-221.07760650712902,48938.27580270784,18.655413598s
0.7,-299.7570275949734,90118.7826393453,19.652729583s
0.8,-378.75504357276384,144191.06092660103,20.566399582s
0.9,-474.63439678812506,225784.94863997205,21.413655435s
