Alpha,Energy,Energy2,TimeElapsed
0.2,6.576688120680889,61.52973177982707,862.262097ms
0.3,-12.523122115074889,178.80985965126146,1.647324631s
0.4,-27.934389019824284,785.4819692146808,2.414503182s
0.5,-50,2500,3.169478723s
0.6,-71.56008694862574,5127.03545656278,3.919805383s
0.7,-107.0276476596819,11532.121133323802,4.667246243s
0.8,-119.2659637218706,14300.947772014271,5.415072306s
0.9,-184.54538917251367,34448.13764758376,6.164081865s
