Alpha,Energy,Energy2,TimeElapsed
0.2,25.702215081524262,671.347502077582,28.049451ms
0.3,2.679738351480581,16.284532550695612,38.027959ms
0.4,0.7135081284473442,1.779948324597927,50.374056ms
0.5,-5,25,60.928514ms
0.6,-16.083821187507656,272.42113463301285,73.844015ms
0.7,-28.79715244911263,889.4328887689029,87.962023ms
0.8,-54.27656570818735,3115.8297996052215,102.345965ms
0.9,-54.504188738367084,3025.4764295157865,115.40942ms
