Alpha,Energy,Energy2,TimeElapsed
0.2,27.350249902784,752.2267537486242,13.475636487s
0.3,21.902877346705562,483.40118430718496,13.491922703s
0.4,-2.409086341788146,7.164379421116141,13.507855451s
0.5,-15,225,13.52334087s
0.6,-29.728562441454525,887.073813863109,13.54730305s
0.7,-42.03500064923478,1805.5880653071636,13.570695231s
0.8,-67.18510971981851,4543.102048616551,13.59331169s
0.9,-63.675230920629794,4081.652121029734,13.616471258s
