Alpha,Energy,Energy2,TimeElapsed
0.2,55.837757537327825,3210.4450177539798,6.20305913s
0.3,17.429951902422506,321.8629570852721,6.218975008s
0.4,1.4037527799874032,6.2146789835582545,6.23573215s
0.5,-10,100,6.251483304s
0.6,-20.199767880837577,408.89617197606935,6.266486022s
0.7,-43.95673989697822,1944.699221092915,6.280681589s
0.8,-39.13164986140687,1597.6325758444343,6.295598893s
0.9,-49.62719572176815,2497.33228035825,6.30970801s
