StepSize,Alpha,Energy,Energy2
0.75,0.2,479.6207656572117,230165.9264525235
0.75,0.3,502.8903766211979,253420.21618678395
0.75,0.4,105.81392257093486,11346.124798535824
0.75,0.5,-25,625
