StepSize,Alpha,Energy,Energy2
0.125,0.2,-19.875526462419618,395.03655215833146
0.125,0.3,-29.870492817476933,892.246465044024
0.125,0.4,-39.98464539828749,1598.7718676268125
