Alpha,Energy,Energy2,TimeElapsed
0.2,33.94152568675537,1250.9371255503047,6.233362299s
0.3,15.044583887893694,262.54460808959794,6.249553707s
0.4,1.837008425724994,10.911670292540874,6.265499426s
0.5,-10,100,6.280892811s
0.6,-19.590023260652806,388.7319030378423,6.296551765s
0.7,-31.555991288317575,1007.9783697367026,6.311283905s
0.8,-37.96419580599267,1480.2889379391058,6.326295671s
0.9,-78.633917314605,6491.914348883724,6.340305243s
