Alpha,Energy,Energy2,Variance,AcceptRatio,ElapesdTime
0.2,2719.974047241318,7398258.817666316,1,1,25.0191817s
0.3,996.3562245238261,992725.726147373,1,1,48.4005818s
0.4,1262.8118190741588,1594693.6903933862,1,1,76.460586s
0.5,-0.4999995,0.24999950000024998,1,1,101.5939894s
0.6,-1160.1907903194528,1346042.6699420766,1,1,128.7093408s
0.7,-1057.3538066824003,1117997.0725057628,1,1,155.091493s
0.8,-992.5993174866344,985253.4050749324,1,1,181.4739421s
0.9,-1218.2868038594959,1484222.7364581858,1,1,204.1964715s

