StepSize,Alpha,Energy,Energy2
0.125,0.2,13.60361642344714,185.48801379243938
0.125,0.3,5.7795562434326255,34.082418773893394
0.125,0.4,-9.595701205456146,92.26811134352916
0.125,0.5,-25,625
