Alpha,Energy,Energy2,TimeElapsed
0.2,843.624475686898,737996.9845521874,110.0574ms
0.3,550.8116316875274,316240.8909948628,114.942ms
0.4,412.1755460828072,180398.25162119855,121.4432ms
0.5,387.43923641965364,150109.1619174442,141.3119ms
0.6,317.05067166915717,100524.55015397577,146.2315ms
0.7,268.682523349569,72190.29835349137,161.4034ms
0.8,236.45287522302917,55909.96220123763,175.8296ms
0.9,214.1236199149608,45848.924605486834,199.576ms
