Alpha,Energy,Energy2,TimeElapsed
0.2,70.67803746145339,5610.118104002558,215.1549ms
0.3,73.65749204135123,6348.659119694142,262.2746ms
0.4,104.68762797827151,12455.226056527701,303.3742ms
0.5,106.1787112136829,13492.137624869454,340.1994ms
0.6,121.33676566514085,17039.764866004938,401.5439ms
0.7,75.4769756308269,6966.765359397461,437.8622ms
0.8,86.8003678644533,8416.9144186896,489.5235ms
0.9,113.8557470535713,14466.052313214086,542.3125ms
