Alpha,Energy,Energy2,TimeElapsed
0.2,715.3142446585326,567407.4388036963,586.2292ms
0.3,514.2992423360881,282961.94212296465,606.8979ms
0.4,480.54217452145025,231602.85202330915,621.1361ms
0.5,392.8990374626452,154369.6536390741,640.4211ms
0.6,310.8304212075819,96615.55074808313,654.4583ms
0.7,266.18346354639215,70853.63626555348,671.1103ms
0.8,234.74574743569607,55105.56593914352,698.4672ms
0.9,219.62729089333604,48236.14690514623,709.5796ms
