Alpha,Energy,Energy2,TimeElapsed
0.2,33.965205392610905,1234.0304351274235,3.8138011s
0.3,31.9921682123604,1050.427066544216,7.1539046s
0.4,28.156936380392835,831.7611881608144,10.4095577s
0.5,31.91195761275837,1048.0276474637642,14.0862692s
0.6,36.7313932381543,1405.9629409532115,16.5144567s
0.7,39.71097190135212,1700.0020941106081,19.0604817s
0.8,41.86825120092365,1828.7268017467911,21.7709262s
