Alpha,Energy,Energy2,TimeElapsed
0.2,797.2286078743456,674530.0558138671,328.0731ms
0.3,544.1580854508787,308542.91357192944,339.0538ms
0.4,467.15471017192573,218233.52323581558,347.5423ms
0.5,384.76692567441563,148081.6827667098,364.5146ms
0.6,330.82715982963913,109446.6096809452,379.733ms
0.7,268.6029046667601,72147.52039542033,389.4083ms
0.8,248.61627040310853,61810.04990915141,403.9896ms
0.9,210.74214636466067,44412.252254384235,418.045ms
