Alpha,Energy,Energy2,TimeElapsed
0.2,20.628912909753907,503.67563981451275,31.08954ms
0.3,17.6886815492706,333.54212762784755,45.334832ms
0.4,4.320175857241331,26.21826154812839,60.832097ms
0.5,-5,25,75.890644ms
0.6,-11.674888087075109,142.44298060800406,91.89106ms
0.7,-21.096397192455978,483.4042877076624,106.48249ms
0.8,-30.875542742612396,1009.5142259215917,120.726163ms
0.9,-28.70885764931684,839.8684022307721,135.099693ms
