Alpha,Energy,Energy2,TimeElapsed
0.2,27.25881316789922,752.6066817281447,6.255659326s
0.3,9.829058290563875,103.18927068154,6.272669866s
0.4,0.5983294427090973,3.3425410722520095,6.288426845s
0.5,-10,100,6.304575978s
0.6,-23.558872478415136,563.4703890555501,6.319630799s
0.7,-45.448736959178085,2105.93814363706,6.333859744s
0.8,-55.850217806259934,3305.579026979441,6.349008943s
0.9,-56.955789649737135,3327.7518828762013,6.364157174s
