Alpha,Energy,Energy2,TimeElapsed
0.2,39.21504410656652,1548.4321259895044,13.378339754s
0.3,13.693513863740092,224.60379337165952,13.396342798s
0.4,-0.07457167898173685,3.704288892753876,13.412946009s
0.5,-15,225,13.429065125s
0.6,-24.14471362786735,583.5443246651065,13.444319326s
0.7,-40.05727061005828,1633.9528001857,13.459535877s
0.8,-70.50592622918403,5018.411542913767,13.47322746s
0.9,-51.48362661649089,2659.766516984226,13.488009573s
