Alpha,Energy,Energy2,TimeElapsed
0.2,30.80577781994158,962.5733132078141,13.32110209s
0.3,18.805866488393004,361.41665887063203,13.338663722s
0.4,2.171677917786477,7.339678143780183,13.355092957s
0.5,-15,225,13.370405885s
0.6,-26.430731026842306,701.6552962796891,13.386453657s
0.7,-37.5324302587114,1413.8476516065336,13.401033999s
0.8,-50.61866715976436,2571.2382488268677,13.416258964s
0.9,-85.23916775936571,7683.725952297761,13.430062752s
