Alpha,Energy,Energy2,TimeElapsed
0.2,563.1993558948543,376856.75622753997,94.5561ms
0.3,539.5354236064371,306708.047574712,100.7067ms
0.4,465.2310662220149,217468.94821214204,114.8959ms
0.5,370.075722736231,137520.7388167752,120.4182ms
0.6,316.3874812287184,100101.03827825327,143.3091ms
0.7,269.1679348615725,72451.3771576435,154.6576ms
0.8,237.38495087916536,56351.61490390384,172.5365ms
0.9,209.29417855413791,43804.05317665142,187.9279ms
