Alpha,Energy,Energy2,TimeElapsed
0.2,620.1010366596913,440312.345795353,341.6969ms
0.3,570.5822123943943,336368.8919151805,357.7769ms
0.4,444.2878959577033,200155.14968522126,368.6551ms
0.5,378.50607677652175,143270.0715239667,380.674ms
0.6,311.3511856203237,97065.57585851087,389.2291ms
0.7,270.16131292979037,72987.13500394778,403.6786ms
0.8,242.44346936477064,58778.8358376261,413.6812ms
0.9,211.72283066035658,44826.55702283411,428.7168ms
