Alpha,Energy,Energy2,TimeElapsed
0.2,70.8449331440083,6064.69961722812,204.3706ms
0.3,97.99880323711133,11014.265813851096,250.5692ms
0.4,107.29548972128356,13633.220300868372,288.5415ms
0.5,82.94674261556905,8679.760140023509,340.3688ms
0.6,66.84449106393767,5135.460062722115,396.3473ms
0.7,107.05390233927447,12934.741932183158,436.2057ms
0.8,113.40978751581086,14646.896413533874,481.1437ms
0.9,76.68350510498156,6723.159380355348,531.8665ms
