Alpha,Energy,Energy2,TimeElapsed
0.2,707.8104564507466,558353.577790866,582.4212ms
0.3,535.0839168679863,305616.86248546775,592.7225ms
0.4,462.9422318380338,214917.71627575488,606.5103ms
0.5,360.1420430186271,130938.48999694095,628.9377ms
0.6,333.2041688382312,111025.01813117732,656.1655ms
0.7,274.463710264251,75340.45327431717,670.2819ms
0.8,240.05640581809635,57627.07797430249,690.1945ms
0.9,220.17535420198672,48477.18659797025,719.9876ms
