Alpha,Energy,Energy2,TimeElapsed
0.2,33.521499915013415,1199.3950215999946,3.835295s
0.3,27.458474884181452,816.4887723867143,7.2044091s
0.4,33.342126153908225,1137.9656440332924,10.5362303s
0.5,33.22010742000014,1151.4922354291273,14.1743022s
0.6,32.95303543223196,1171.0525005732816,16.6394626s
0.7,31.225639026391914,1050.900241723011,19.311276s
0.8,42.99036509184707,1957.228756420945,21.9450313s
