StepSize,Alpha,Energy,Energy2
1,0.2,-19.962856276372353,398.5156307111028
1,0.3,0,0
1,0.4,-39.9827486009818,1598.6201856893254
