StepSize,Alpha,Energy,Energy2
1,0.2,0,0
1,0.3,0,0
1,0.4,-59.83702880859603,3580.470016640777
1,0.5,0,0
1,0.6,0,0
1,0.7,0,0
1,0.8,-121.34589096415334,14724.825276207908
1,0.9,0,0
