StepSize,Alpha,Energy,Energy2
0.25,0.2,0,0
0.25,0.3,-14.873783408448924,221.22943288145723
0.25,0.4,-19.99315423417703,399.72621623159114
0.25,0.5,-25,625
0.25,0.6,-30.007274925272206,900.436548440875
0.25,0.7,0,0
0.25,0.8,0,0
0.25,0.9,-45.04316745384215,2028.8869342748976
