StepSize,Alpha,Energy,Energy2
0.25,0.2,-19.869220241107055,394.78591298961004
0.25,0.3,0,0
0.25,0.4,0,0
