StepSize,Alpha,Energy,Energy2
0.25,0.2,0,0
0.25,0.3,0,0
0.25,0.4,0,0
0.25,0.5,-75,5625
0.25,0.6,0,0
0.25,0.7,-105.06135018267334,11037.887302205965
0.25,0.8,-120.08803583643628,14421.136351052839
0.25,0.9,-138.69937065772362,19237.529104386256
