Alpha,Energy,Energy2,TimeElapsed
0.2,785.7056324132415,617333.3408058917,318.5538ms
0.3,409.45414531954947,167652.69711936274,331.0604ms
0.4,174.25756498041918,30365.69895290501,339.5499ms
0.5,1,1,346.2361ms
0.6,-139.45871117817896,19448.732123478738,353.4235ms
0.7,-256.5938062758899,65840.38141914892,366.2621ms
0.8,-393.9558506278107,155201.21224388192,380.177ms
0.9,-486.5803042915261,236760.39252443414,385.7526ms
