Alpha,Energy,Energy2,TimeElapsed
0.2,795.2333316389733,632396.0517496212,101.0244ms
0.3,404.0419052047811,163249.8611615093,110.6031ms
0.4,170.32503936515363,29010.619034741132,115.639ms
0.5,0.5,0.25,127.131ms
0.6,-141.00682947456045,19882.925958467767,144.0787ms
0.7,-265.4590568588784,70468.51086840524,155.3734ms
0.8,-373.61234513560447,139586.18443772604,164.6993ms
0.9,-478.1009016807477,228580.472187944,171.4623ms
