Alpha,Energy,Energy2,TimeElapsed
0.2,799.6599774682007,639456.0795644433,527.0319ms
0.3,404.8846456338029,163931.57627001015,549.7451ms
0.4,171.88716641594505,29545.197978502787,560.309ms
0.5,1.5,2.25,579.0621ms
0.6,-139.5317530710817,19469.11011508932,592.599ms
0.7,-255.91630802539626,65493.1567133495,606.0558ms
0.8,-378.7621327028109,143460.75316958173,617.0101ms
0.9,-467.31983886076125,218387.83179284786,637.6046ms
