Alpha,Energy,Energy2,TimeElapsed
0.2,798.3480958902107,637359.6822115252,314.5072ms
0.3,400.27023562438563,160216.2615268012,325.2372ms
0.4,169.13407337452804,28606.334776260235,337.4218ms
0.5,1,1,348.1095ms
0.6,-140.89852820951964,19852.395251608803,362.2805ms
0.7,-259.14789185636715,67157.62985359937,377.001ms
0.8,-373.03006065116114,139151.42614940894,383.3458ms
0.9,-469.2463233795706,220192.11200524453,397.0889ms
