Alpha,Energy,Energy2,TimeElapsed
0.2,791.924378822463,627144.221773344,90.9902ms
0.3,401.2736041039437,161020.50535056854,96.8794ms
0.4,173.5258388682141,30111.2167549174,108.9638ms
0.5,0.5,0.25,116.4908ms
0.6,-144.83700781811058,20977.758833703425,134.9344ms
0.7,-255.67991907026322,65372.221015776355,152.1182ms
0.8,-370.36581344280347,137170.83576714952,160.3097ms
0.9,-464.5295693012981,215787.72075524952,165.22ms
