Alpha,Energy,Energy2,TimeElapsed
0.2,784.368530148859,615233.9910878815,510.0538ms
0.3,410.2136165543951,168275.2112066363,526.9305ms
0.4,171.52175165057454,29419.71128928137,536.6557ms
0.5,1.5,2.25,552.0244ms
0.6,-139.3644767401134,19422.457377045605,568.3066ms
0.7,-253.8800392442961,64455.07432668533,582.8421ms
0.8,-368.29943579808423,135644.47440918718,594.3089ms
0.9,-477.6923121047147,228189.94504394816,614.3512ms
