StepSize,Alpha,Energy,Energy2
0.5,0.2,-9.981868859820452,99.63770593465408
0.5,0.3,-14.98474159581387,224.54248069331587
0.5,0.4,0,0
0.5,0.5,-25,625
0.5,0.6,-30.009078429295506,900.544788175615
0.5,0.7,-35.031874347123974,1227.2322202726577
0.5,0.8,-40.035432733156306,1602.8358741310944
0.5,0.9,-46.32265946315888,2145.788779739757
