StepSize,Alpha,Energy,Energy2
0.5,0.2,0,0
0.5,0.3,-29.971480254436837,898.289628642104
0.5,0.4,-39.5870160652091,1567.1318418568553
