StepSize,Alpha,Energy,Energy2
0.5,0.2,0,0
0.5,0.3,0,0
0.5,0.4,0,0
0.5,0.5,-75,5625
0.5,0.6,-90.14542027722197,8126.196796956855
0.5,0.7,-105.36328476457088,11101.421776379735
0.5,0.8,-121.6803112998994,14806.098158040813
0.5,0.9,0,0
