Alpha,Energy,Energy2,TimeElapsed
0.2,54.34939536847336,3147.8449282168212,192.5525ms
0.3,70.52633589986193,5648.801988028612,226.354ms
0.4,113.28421945196328,14069.109770770023,267.2311ms
0.5,97.49821131469798,10567.460566821766,303.6658ms
0.6,86.77950960696657,8776.655578042715,342.0839ms
0.7,112.31332901748745,14649.417494313997,405.318ms
0.8,101.4808803630322,11910.126712101075,441.9329ms
0.9,120.01061821795572,17220.349832135922,481.406ms
