Alpha,Energy,Energy2,TimeElapsed
0.2,649.3247179284936,489549.12675549876,343.9869ms
0.3,566.0408203365741,327967.5575113428,359.3468ms
0.4,459.12447534834655,211350.201966388,367.0595ms
0.5,376.4205177261828,141692.40616524735,387.3777ms
0.6,316.20688206054615,99986.79226245177,399.6277ms
0.7,267.21751226604374,71405.19886165297,415.5086ms
0.8,246.6712935935468,60846.72708311398,426.3732ms
0.9,207.7075297714882,43142.41792377366,439.536ms
