Alpha,Energy,Energy2,TimeElapsed
0.2,40.85996916941309,1732.5994035352048,3.6904614s
0.3,38.07637756597404,1507.0886973177242,6.8714422s
0.4,38.500213812607704,1547.076887794366,9.8734764s
0.5,40.66169138327017,1706.8836064046377,13.7307252s
0.6,37.603765641040326,1541.0461833936095,17.7264643s
0.7,33.38791712352432,1225.8953402992058,21.7741035s
