Alpha,Energy,Energy2,TimeElapsed
0.2,675.4160483958784,510901.6825859192,84.1603ms
0.3,563.7495928440018,330944.8710656293,91.6297ms
0.4,462.4641385819282,217067.13300626044,111.7764ms
0.5,340.39020412591924,120276.46834102747,131.2743ms
0.6,305.99931587931445,94070.84243530176,166.8943ms
0.7,274.89694096749287,75568.32815328508,171.6499ms
0.8,236.2144914818137,55797.285986012066,190.3579ms
0.9,220.1957172906295,48486.153913134716,207.3434ms
