Alpha,Energy,Energy2,TimeElapsed
0.2,651.0705448441676,471852.04973346886,585.1498ms
0.3,547.3603158841304,313255.34613433515,599.4642ms
0.4,447.4738147160255,204544.48395572137,608.0585ms
0.5,373.95550384922797,139845.5279247803,619.1227ms
0.6,315.65617504393674,99718.57891032714,629.4793ms
0.7,283.02906399279743,80139.79675744742,639.5441ms
0.8,244.55067996940562,59805.03507349895,656.0348ms
0.9,215.81571732521564,46576.42384459737,665.7311ms
