Alpha,Energy,Energy2,TimeElapsed
0.2,36.313393948452735,1359.9509731097307,3.6800569s
0.3,27.991008251328523,805.592506175438,6.8344832s
0.4,35.66571720574012,1351.5095689447664,9.8322612s
0.5,39.686447969365226,1639.3418609628534,14.0812446s
0.6,43.94916157036214,2058.4455730059276,17.8511769s
0.7,32.75861460213614,1145.305080785808,21.7394277s
