Alpha,Energy,Energy2,TimeElapsed
0.2,71.39655701267552,6121.405194690709,186.329ms
0.3,68.39765233923882,5957.092784973911,219.0011ms
0.4,81.32051276957897,7432.551758251697,252.5461ms
0.5,117.94148775415788,15215.383709244812,287.9773ms
0.6,98.46546081246102,10504.706682166141,341.1202ms
0.7,84.1072118577282,8024.197400013723,395.3579ms
0.8,106.99091269224385,13396.847019232666,446.7809ms
0.9,113.91724518009367,15391.122323991043,486.5539ms
