Alpha,Energy,Energy2,TimeElapsed
0.2,466.45950312455324,282354.94800816017,101.0244ms
0.3,566.1890896648295,330414.8956044441,110.6031ms
0.4,460.68642636051607,213382.01533685994,115.639ms
0.5,381.80683002168996,145997.86884487997,127.131ms
0.6,318.3298504057977,101472.4741922758,144.0787ms
0.7,277.2490175613315,76867.01773872352,155.3734ms
0.8,236.76885174214414,56150.136832434226,164.6993ms
0.9,213.83968825033327,45727.41227099985,171.4623ms
