Alpha,Energy,Energy2,TimeElapsed
0.2,51.95769353954036,2842.4191489489476,13.562511892s
0.3,19.461176030957088,399.0246434886701,13.579811003s
0.4,-2.6053384542586593,7.35975120642164,13.59676716s
0.5,-15,225,13.61386267s
0.6,-25.295937644527736,640.6840642788022,13.628503484s
0.7,-31.260051832214927,979.5367655868189,13.643485097s
0.8,-67.12660704060906,4559.163813964219,13.657852072s
0.9,-52.188314394896906,2733.326125082937,13.672581232s
