Alpha,Energy,Energy2,TimeElapsed
0.2,807.5993236301734,680608.8250098263,527.0319ms
0.3,590.7233548720333,355170.1667551648,549.7451ms
0.4,468.31060858530407,219702.44112584408,560.309ms
0.5,380.0023938198817,144401.81930884137,579.0621ms
0.6,321.2085297070036,103174.91955653531,592.599ms
0.7,268.76698752645456,72235.69358404538,606.0558ms
0.8,244.3347004505195,59699.44584424515,617.0101ms
0.9,209.83028520569746,44028.748589504175,637.6046ms
