Alpha,Energy,Energy2,TimeElapsed
0.2,822.1055313214441,705724.5748719524,318.5538ms
0.3,526.678925465582,297547.112725994,331.0604ms
0.4,463.8657237042053,217224.59624174645,339.5499ms
0.5,377.63510491917316,142608.27246731528,346.2361ms
0.6,319.6788890413155,102194.59209869007,353.4235ms
0.7,268.74354820405256,72223.09470130382,366.2621ms
0.8,253.5614427101354,64293.40522924512,380.177ms
0.9,218.02692155871748,47535.73852437085,385.7526ms
