StepSize,Alpha,Energy,Energy2
0.375,0.2,-9.973608776527055,99.47287202721792
0.375,0.3,-14.98525710861637,224.55793061133568
0.375,0.4,-19.967357460359512,398.6953716827817
0.375,0.5,-25,625
0.375,0.6,-30.00768706704902,900.4612831139235
0.375,0.7,0,0
0.375,0.8,-40.04184993978533,1603.3497466002575
0.375,0.9,-45.04347400799716,2028.914550709073
