StepSize,Alpha,Energy,Energy2
0.375,0.2,-19.94939054641864,397.9781841791188
0.375,0.3,0,0
0.375,0.4,-39.86043299566887,1588.8541186022323
