StepSize,Alpha,Energy,Energy2
0.375,0.2,0,0
0.375,0.3,0,0
0.375,0.4,-59.977546791902405,3597.306119174748
0.375,0.5,-75,5625
0.375,0.6,0,0
0.375,0.7,0,0
0.375,0.8,0,0
0.375,0.9,0,0
