Alpha,Energy,Energy2,TimeElapsed
0.2,30.43909915803384,953.6511983220109,13.499321547s
0.3,8.102671342469453,69.66296323250457,13.515919321s
0.4,-2.0926784243659102,7.860222263678628,13.529834638s
0.5,-15,225,13.546499412s
0.6,-24.955832169780628,623.4301302758222,13.56249657s
0.7,-41.18503910764204,1708.394305005475,13.579036891s
0.8,-62.24699365321327,3927.042570814948,13.593068409s
0.9,-109.87679976247605,12209.19339799738,13.608896645s
