Alpha,Energy,Energy2,TimeElapsed
0.2,39.12818974896019,1630.7921193426528,6.323163853s
0.3,17.07618512727123,302.1052640495513,6.339158978s
0.4,0.034820259375657685,3.740039406741334,6.3549776s
0.5,-10,100,6.369923822s
0.6,-18.328272381128407,336.90779108383583,6.385472528s
0.7,-46.23363396065895,2215.7640855756295,6.400023739s
0.8,-61.36751303729133,3819.014962820583,6.414492359s
0.9,-51.42391443548758,2819.128171961682,6.429301045s
