Alpha,Energy,Energy2,TimeElapsed
0.2,7.722723113299879,69.26153197851397,30.879038ms
0.3,19.61675726823889,409.10432086696903,45.323562ms
0.4,1.4076355719067175,2.9161443239844025,59.888202ms
0.5,-5,25,75.645138ms
0.6,-15.871690377335721,257.2646826199322,98.02713ms
0.7,-35.753079811834056,1329.5299293084393,119.598332ms
0.8,-42.51002849216669,1836.610134685376,133.408473ms
0.9,-36.53931876504859,1347.0923637130552,155.696107ms
