StepSize,Alpha,Energy,Energy2
0.25,0.2,75.70334000758605,5735.491484541993
0.25,0.3,50.055572582857764,2510.767683694121
0.25,0.4,13.969221793121257,195.4765502098721
0.25,0.5,-25,625
