Alpha,Energy,Energy2,TimeElapsed
0.2,43.48064565552148,1973.3476991693149,3.8915609s
0.3,30.392474059413974,996.1294301163367,6.9610981s
0.4,32.659768840159025,1097.1549378337234,9.9886683s
0.5,39.79131964503339,1662.6942370851377,13.9337593s
0.6,31.436557027437136,1019.8315731347341,17.8898858s
0.7,31.964610606239344,1070.0051182060165,21.8873092s
