Alpha,Energy,Energy2,TimeElapsed
0.2,100.7458869444357,11164.343775935511,193.0492ms
0.3,79.96276391583321,7066.1367898912895,237.3069ms
0.4,129.72819517447763,19448.694882582025,275.8664ms
0.5,114.61322608396557,15796.934423349476,312.7316ms
0.6,72.02272116693686,5995.274963835181,349.1692ms
0.7,126.19930045738049,18336.238267004752,426.4672ms
0.8,103.04187753513106,12514.10036127719,466.7246ms
0.9,127.3469433808621,18366.841953179523,508.7532ms
