Alpha,Energy,Energy2,TimeElapsed
0.2,630.2480804392851,463506.6156594228,100.3943ms
0.3,546.296945153683,311882.36326705234,106.7526ms
0.4,465.2419495587049,217478.41534460385,114.405ms
0.5,387.95664943450026,150530.9881746348,132.6104ms
0.6,315.74029230739393,99691.93218635819,139.0046ms
0.7,260.6525828628959,68463.56682791101,148.7518ms
0.8,234.3033185563026,54898.04508649586,155.3238ms
0.9,217.04345500425447,47107.86136018366,166.6659ms
