Alpha,Energy,Energy2,TimeElapsed
0.2,712.9219085845358,554752.8712493434,584.6939ms
0.3,548.2375018641068,314161.64833701233,601.7666ms
0.4,462.9625689654187,214744.27279661183,623.3478ms
0.5,368.4624697884652,136183.52495761684,648.3436ms
0.6,325.71682846150856,106091.45234302383,663.1182ms
0.7,272.0363266700113,74003.76302811317,684.0451ms
0.8,248.29628261181983,61651.04395884835,701.0376ms
0.9,215.43608142195083,46412.70517844546,725.118ms
