Alpha,Energy,Energy2,TimeElapsed
0.2,764.7410517820831,627635.7510743332,313.1762ms
0.3,583.6511478377075,345677.98511951417,325.952ms
0.4,410.3474292509433,179087.98776589436,347.4881ms
0.5,390.99627232842255,152880.84132373595,368.2628ms
0.6,317.4713260619683,100788.04287154428,378.953ms
0.7,279.2515756245709,77981.44248880568,384.4773ms
0.8,237.9910473776246,56639.73863189859,408.1424ms
0.9,208.46537902905177,43476.4849038959,414.4636ms
