StepSize,Alpha,Energy,Energy2
0.1,0.2,0.9294338622021961,1.2464849108973681
0.1,0.3,0.429338868350504,0.2187377390501238
0.1,0.4,0.6580668599134578,0.4733767538708982
0.1,0.5,0.50005,0.250025
0.1,0.6,0.5145403797765185,0.27532967521605567
0.1,0.7,0.5108035626315159,0.30403318653823946
0.1,0.8,0.6479667205822219,0.4732758242591709
0.1,0.9,0.43477996987549494,0.46096521245102856
