StepSize,Alpha,Energy,Energy2
0.1,0.2,1.566655230511037,3.9521909849296617
0.1,0.3,1.598007775728451,3.6505555518349015
0.1,0.4,1.000876049873936,1.0570027938023323
0.1,0.5,1.0001,1.0001
0.1,0.6,0.9572854274239405,0.9605712086680603
0.1,0.7,1.1903783837478403,1.461926345232719
0.1,0.8,1.1423309212874464,1.4640480234833033
0.1,0.9,1.125136015539975,1.8088039414295771
