StepSize,Alpha,Energy,Energy2
0.1,0.2,3.3825209729814074,13.083553717346508
0.1,0.3,1.9373111141030404,3.9946343179952213
0.1,0.4,1.4485887788165586,2.1164763954699235
0.1,0.5,1.50015,2.250225
0.1,0.6,1.5562440186070976,2.448905653070834
0.1,0.7,1.754226424688417,3.1501124810853085
0.1,0.8,1.715716359698415,3.198763377389378
0.1,0.9,1.7445570978178886,3.8191768693719124
