Alpha,Energy,Energy2,TimeElapsed
0.2,4.689132146160545,41.4604222478329,897.512716ms
0.3,-10.014020942800864,130.99506569259464,1.661048643s
0.4,-28.303558891659968,808.4414861043853,2.444083653s
0.5,-50,2500,3.200006541s
0.6,-75.74321931188186,5750.4370054697665,3.959989733s
0.7,-99.79770591431769,10019.401985513095,4.710234566s
0.8,-125.57001434976058,15791.631508279139,5.46067826s
0.9,-164.4647522863533,27242.077787401282,6.21147135s
