StepSize,Alpha,Energy,Energy2
1,0.2,964.9243144422069,931799.4874491937
1,0.3,487.3025979722537,237782.624462251
1,0.4,407.1535181318121,165946.9572656993
1,0.5,-25,625
1,0.6,-463.2065730141189,214683.69571962775
