Alpha,Energy,Energy2,TimeElapsed
0.2,798.7681765258762,638030.5998304734,582.4212ms
0.3,402.0203722915378,161620.37973742664,592.7225ms
0.4,170.5236188115559,29078.304572588822,606.5103ms
0.5,1.5,2.25,628.9377ms
0.6,-144.80983428882206,20969.888106756105,656.1655ms
0.7,-261.87244609301143,68577.17802273718,670.2819ms
0.8,-372.0879930762301,138449.47459149663,690.1945ms
0.9,-490.49279341244954,240583.1803895479,719.9876ms
