Alpha,Energy,Energy2,TimeElapsed
0.2,797.706558261371,636335.7530932021,94.5561ms
0.3,399.08614459552376,159269.7508081193,100.7067ms
0.4,172.40086962474902,29722.05984736971,114.8959ms
0.5,0.5,0.25,120.4182ms
0.6,-138.61049174063652,19212.868420581064,143.3091ms
0.7,-257.70121746710936,66409.91748403039,154.6576ms
0.8,-369.5205233714988,136545.41719274642,172.5365ms
0.9,-467.91895996126914,218948.15309123578,187.9279ms
