Alpha,Energy,Energy2,TimeElapsed
0.2,800.0230871295328,640036.9399402679,341.6969ms
0.3,401.0691806153263,160856.48763944922,357.7769ms
0.4,170.68237222001758,29132.47218665263,368.6551ms
0.5,1,1,380.674ms
0.6,-137.00829064535642,18771.27170556246,389.2291ms
0.7,-257.9548604125982,66540.71001048302,403.6786ms
0.8,-376.6118122090414,141836.45709537825,413.6812ms
0.9,-472.4591406791985,223217.6396113267,428.7168ms
