StepSize,Alpha,Energy,Energy2
0.625,0.2,449.3358844057682,201960.56010559696
0.625,0.3,344.11570823625203,118483.89783326001
0.625,0.4,183.83799524406692,33850.38986952822
0.625,0.5,-25,625
