Alpha,Energy,Energy2,TimeElapsed
0.2,7.502746949912784,76.61505495280302,910.463331ms
0.3,-9.685336613605147,112.71178142339845,1.66121958s
0.4,-29.755009921189448,889.4583303883087,2.41368159s
0.5,-50,2500,3.174158395s
0.6,-73.0516381357091,5347.229994963183,3.927872884s
0.7,-108.17361563946605,11767.696483572054,4.692101581s
0.8,-128.80426577397543,16683.53337083277,5.440619847s
0.9,-160.47718857691405,25918.927717431736,6.188881232s
