Alpha,Energy,Energy2,TimeElapsed
0.2,5.295618969155468,108.89159420046863,7.285478049s
0.3,-23.62652018145449,597.1696554863812,8.210790128s
0.4,-59.44708468205352,3552.2828471072135,9.137336186s
0.5,-100,10000,10.038072258s
0.6,-151.50713338196817,23012.770966797718,10.903067585s
0.7,-193.08747749438984,37337.34658980293,11.768607707s
0.8,-243.6091282416991,59647.17135272666,12.645374249s
0.9,-331.70277770710976,110780.22426330377,13.51291987s
