Alpha,Energy,Energy2,TimeElapsed
0.2,18.338002256705607,352.2362446631867,46.437099ms
0.3,20.00392713925189,411.5845819761118,77.818933ms
0.4,5.927565110771828,40.27812543410983,92.579432ms
0.5,-5,25,107.123656ms
0.6,-19.023219777718936,372.3676759755593,122.061466ms
0.7,-20.973116199570278,473.3664859877216,136.58333ms
0.8,-40.588818878348995,1803.5519656188728,150.593374ms
0.9,-52.14497511016302,2793.6851474558594,163.858185ms
