StepSize,Alpha,Energy,Energy2
0.875,0.2,850.2891443511638,723472.0540511952
0.875,0.3,415.45538105726007,172707.87576895274
0.875,0.4,209.8434442706205,44060.792120217535
0.875,0.5,-25,625
