Alpha,Energy,Energy2,TimeElapsed
0.2,779.0185938695606,650513.5217677461,130.9468ms
0.3,571.2029102811391,339692.75964856753,136.686ms
0.4,412.39342823399215,177118.27334066818,143.4692ms
0.5,386.68034120414677,149799.46578101287,150.1818ms
0.6,312.17484543683304,97453.13412351097,162.4068ms
0.7,270.0686533332999,73613.2309343171,175.4529ms
0.8,236.2023099932485,55791.53124614647,205.1774ms
0.9,212.753560957022,45264.07769989313,220.7897ms
