Alpha,Energy,Energy2,TimeElapsed
0.2,866.5188513466351,775409.7610153656,342.5301ms
0.3,554.1661140392289,321212.07560786523,364.1322ms
0.4,462.256913557947,214222.660246415,371.6711ms
0.5,373.2644876921174,139326.6884208529,384.9691ms
0.6,331.08431258049404,109616.82203689788,396.2651ms
0.7,268.6137668227557,72153.35572670955,406.521ms
0.8,234.32547581945596,54908.42861801409,425.0097ms
0.9,215.0907934481477,46264.049426153964,439.8999ms
