Alpha,Energy,Energy2,TimeElapsed
0.2,68.00401632776877,4970.992100382019,185.669ms
0.3,72.67554149904382,6044.183652997332,232.7061ms
0.4,70.48868930596686,5832.614413705916,273.2826ms
0.5,98.27693827688735,11381.610885430287,318.8156ms
0.6,100.07547437705387,11541.783092659927,367.2512ms
0.7,70.23436785434087,5983.183988433146,423.7743ms
0.8,98.6685003299785,10941.620392333898,463.8724ms
0.9,140.86448420421692,22497.383220633732,495.5623ms
