Alpha,Energy,Energy2,TimeElapsed
0.2,25.986687905659423,715.9137486280305,3.9818924s
0.3,32.463412544989446,1090.9812127413138,7.3506083s
0.4,27.440393115199836,779.2046139817704,10.587253s
0.5,48.80570223933698,2523.002650498662,14.3240599s
0.6,37.14175820311303,1509.3180521667791,16.6507883s
0.7,38.62316200278618,1542.6685356087432,19.173402s
0.8,38.88532649010215,1607.456127421672,21.8677191s
