Alpha,Energy,Energy2,TimeElapsed
0.2,696.1084767629767,534727.865046713,587.3211ms
0.3,521.4332227736218,288552.9845626175,599.9348ms
0.4,474.1013595486284,226387.5639204481,614.0373ms
0.5,396.4648246717994,157184.35720204178,631.4331ms
0.6,317.7766465262692,100981.99707748194,640.7337ms
0.7,268.98735201653403,72354.19554486667,654.945ms
0.8,237.30013152983256,56311.35242407605,686.5696ms
0.9,207.28169211561158,42965.69988631092,698.7381ms
