Alpha,Energy,Energy2,TimeElapsed
0.2,708.66916563576,559525.8308589535,510.0538ms
0.3,604.0747336967227,370374.7031681979,526.9305ms
0.4,463.62988851421244,215650.14881927863,536.6557ms
0.5,391.5281189485971,153294.26792742647,552.0244ms
0.6,320.82835622753123,102930.8341596592,568.3066ms
0.7,266.6458742128088,71100.02223471284,582.8421ms
0.8,237.4486210121797,56385.830585638956,594.3089ms
0.9,214.46085361817654,45993.45773463688,614.3512ms
