Alpha,Energy,Energy2,TimeElapsed
0.2,535.7625140650671,345185.3373229855,314.5072ms
0.3,548.2799218618177,308875.4783739454,325.2372ms
0.4,452.58229879926176,206551.0646877028,337.4218ms
0.5,389.0566203380129,151365.0538288359,348.1095ms
0.6,319.468494670774,102176.27126047881,362.2805ms
0.7,268.3389626868616,72090.85010603983,377.001ms
0.8,240.14747477638574,57670.809641474654,383.3458ms
0.9,210.28853722302293,44221.26888739868,397.0889ms
