Alpha,Energy,Energy2,TimeElapsed
0.2,818.1087922307835,704626.7454059448,90.9902ms
0.3,523.3558464673938,290267.2020723539,96.8794ms
0.4,480.9051079672626,231269.72286900404,108.9638ms
0.5,367.1598921040463,135238.89684295683,116.4908ms
0.6,330.53865413206955,109255.80187543997,134.9344ms
0.7,262.25496937436657,69023.28317353071,152.1182ms
0.8,233.64979806413484,54716.47627192113,160.3097ms
0.9,207.78105772379413,43172.96794881856,165.22ms
