Alpha,Energy,Energy2,TimeElapsed
0.2,53.81484639257968,3228.5953940432764,180.4286ms
0.3,76.91196989598228,7331.549629433847,221.0239ms
0.4,46.746293305747834,2503.449930963189,268.1509ms
0.5,136.10961610215196,20306.179001234348,312.5473ms
0.6,106.59423412265257,13384.743419912133,369.2611ms
0.7,110.51813386375775,14066.80200965692,404.9775ms
0.8,102.32697166298412,12888.401035810544,453.7421ms
0.9,138.33504444837348,21906.211306509824,498.89ms
