Alpha,Energy,Energy2,TimeElapsed
0.2,33.00701916720787,1157.381459660065,3.6669386s
0.3,29.399718743393468,929.6172072364462,6.7378926s
0.4,42.05491763428209,1850.2729230370533,9.7395154s
0.5,39.16469914666084,1619.3688860382572,13.7009677s
0.6,37.91932465429095,1511.8324998839382,17.6441425s
0.7,37.62092905381877,1445.645578710889,21.6158246s
