Alpha,Energy,Time
0.2,13.640541431818978,2.8160209
0.25,12.375713859965593,3.0712953
0.3,11.512071041188339,3.1187876
0.35,10.476345689042924,2.8222904
0.4,10.171530999465663,2.9429943
0.45,10.054836704500854,2.9594761
0.5,10.00099999347171,2.7259221
0.55,10.022689771486185,2.8279334
0.6,10.013650614375727,2.4016884
0.65,10.5795887822172,2.448213
0.7,10.494410545317992,2.4872802
0.75,10.93914188082112,2.4093244
0.8,11.254439392626018,2.430306
