Alpha,Energy,Time
0.2,10.874160281609484,3.355117
0.25,11.824797166121161,3.7479297
0.3,10.646477256724326,3.5501379
0.35,11.498643184799176,3.4963072
0.4,10.201428028749538,3.6827157
0.45,9.914666345289836,3.4190765
0.5,10.001000166257986,3.4530871
0.55,10.079192317010413,3.154105
0.6,10.43883806573765,3.2885664
0.65,9.899752989977635,3.2111024
0.7,10.47602141430812,3.1045998
0.75,11.159218151880628,3.045984
0.8,12.033653064582312,2.9797098
