Alpha,Energy,Energy2,TimeElapsed
0.2,800.5717890487565,640915.1894207267,110.0574ms
0.3,402.7094323177815,162174.88687770983,114.942ms
0.4,170.93390538226726,29218.400009233894,121.4432ms
0.5,0.5,0.25,141.3119ms
0.6,-138.97538686232733,19314.158153533543,146.2315ms
0.7,-257.23522241558567,66169.95965119582,161.4034ms
0.8,-368.06648534792606,135472.93763637508,175.8296ms
0.9,-478.73690860951285,229189.02766499307,199.576ms
