Alpha,Energy,Energy2,TimeElapsed
0.2,805.8397579494713,649377.7154920625,328.0731ms
0.3,398.86085973043384,159089.98542490083,339.0538ms
0.4,168.97569566189293,28552.78572442066,347.5423ms
0.5,1,1,364.5146ms
0.6,-144.36395032504115,20840.950153450947,379.733ms
0.7,-256.45878848008897,65771.11018867501,389.4083ms
0.8,-386.24138182884946,149182.40503705907,403.9896ms
0.9,-470.2624078568405,221146.73224331342,418.045ms
