Alpha,Energy,Energy2,TimeElapsed
0.2,805.6904926472988,649137.1699422471,586.2292ms
0.3,398.41579299728824,158735.14410965802,606.8979ms
0.4,176.99034624150917,31325.5826626893,621.1361ms
0.5,1.5,2.25,640.4211ms
0.6,-134.96538533133614,18215.655237636045,654.4583ms
0.7,-253.43612500453614,64229.86945731487,671.1103ms
0.8,-363.80336599968587,132352.88911270138,698.4672ms
0.9,-489.2651316010735,239380.36900061578,709.5796ms
