Alpha,Energy,Energy2,TimeElapsed
0.2,788.360464349143,621512.2217487963,313.1762ms
0.3,399.9065563584057,159925.2538184387,325.952ms
0.4,172.3720024892198,29712.107242143597,347.4881ms
0.5,1,1,368.2628ms
0.6,-138.48738346726603,19178.75537960959,378.953ms
0.7,-266.6815125995884,71119.02916240443,384.4773ms
0.8,-369.66603390909415,136652.97662607956,408.1424ms
0.9,-467.50921167190234,218564.86299808358,414.4636ms
