Alpha,Energy,Energy2,TimeElapsed
0.2,786.1059068932291,617962.4968524261,584.6939ms
0.3,400.39523350739313,160316.34301543987,601.7666ms
0.4,170.05006642778517,28917.025092094147,623.3478ms
0.5,1.5,2.25,648.3436ms
0.6,-141.5154045230637,20026.609717326355,663.1182ms
0.7,-259.05487360321086,67109.42753757555,684.0451ms
0.8,-384.9422008744381,148180.49801405624,701.0376ms
0.9,-479.87682238517004,230281.76466248804,725.118ms
