Alpha,Energy,Energy2,TimeElapsed
0.2,795.7601769931678,633234.2592881977,100.3943ms
0.3,402.32504000408863,161865.4378142915,106.7526ms
0.4,172.09553582646882,29616.873451399413,114.405ms
0.5,0.5,0.25,132.6104ms
0.6,-138.32572861525313,19134.007196940656,139.0046ms
0.7,-255.90802054528677,65488.914979406916,148.7518ms
0.8,-364.71317694783147,133015.70143938024,155.3238ms
0.9,-485.277339209529,235494.09595028026,166.6659ms
