Alpha,Energy,Time
0.2,248.38853880421925,2118.0629013s
0.25,240.26578911129153,2109.4924956s
