Alpha,Energy,Time
0.2,129.91708707985825,2298.5769066s
0.25,152.8745947287204,2269.4161039s
