Alpha,Energy,Energy2,TimeElapsed
0.2,529.4082927540359,339507.0202312257,96.4114ms
0.3,544.989138105508,309787.4088987328,104.7635ms
0.4,446.59993486966454,203038.40225908547,117.9196ms
0.5,365.2530948791205,135179.92825291998,130.4251ms
0.6,327.778349926504,107479.02509310459,134.8992ms
0.7,269.3185927077165,72532.50437806462,160.4458ms
0.8,250.1646253431236,62582.33977306521,181.2434ms
0.9,212.34415952259502,45090.04208335737,199.6705ms
