Alpha,Energy,Energy2,TimeElapsed
0.2,36.383514752329695,1358.1767426319836,6.247335976s
0.3,19.980974874036793,408.21451425011946,6.263611523s
0.4,-1.8007149178485773,4.566504035190978,6.281907602s
0.5,-10,100,6.298239919s
0.6,-33.83188823097836,1147.5104608892425,6.315455275s
0.7,-38.53578036884754,1542.706222387303,6.329595596s
0.8,-52.4710018602514,2843.834314602995,6.343800127s
0.9,-47.18262749031278,2267.6226064707425,6.357464244s
