Alpha,Energy,Energy2,TimeElapsed
0.2,31.90134004383097,1085.9236118938368,3.9598826s
0.3,29.272988394176267,896.6354231844708,7.330611s
0.4,35.82855207606155,1357.2364165873928,10.6294469s
0.5,37.47776877376483,1444.9420337333918,14.4665627s
0.6,40.230054494716654,1715.1743523008415,16.9069257s
0.7,31.91829245631506,1069.1160026783252,19.5334429s
0.8,38.39236925640759,1561.5868471872295,22.2633938s
