Alpha,Energy,Energy2,TimeElapsed
0.2,31.18006947013348,1136.4480443025363,178.7358ms
0.3,61.097826614787635,4132.041651789173,228.3382ms
0.4,102.4419708318636,11694.26567929581,263.6698ms
0.5,61.225395024162395,4333.909946801485,303.1495ms
0.6,113.6049168263204,14857.765939842102,364.8629ms
0.7,76.99258963615246,7271.501417314199,400.9093ms
0.8,100.33635385308288,11428.75540229861,433.9995ms
0.9,115.97201661350861,15232.930524635236,476.4355ms
