Alpha,Energy,Energy2,TimeElapsed
0.2,547.5924275217365,342369.32890058233,335.575ms
0.3,586.518865452748,355816.12875291385,345.5361ms
0.4,466.0474571569378,218907.65944648182,352.8461ms
0.5,386.5321562741282,149407.10783392692,369.488ms
0.6,326.0760003740142,106325.55801991378,384.6537ms
0.7,270.9068666241221,73390.53038410013,398.1732ms
0.8,235.02650842071768,55237.459660433946,407.2476ms
0.9,217.9067634073945,47483.357538686156,431.9947ms
