Alpha,Energy,Energy2,TimeElapsed
0.2,705.7089230219124,542471.5190154965,621.572ms
0.3,592.3171004202102,355514.8703639473,635.8738ms
0.4,459.9269642881118,213302.21276868248,652.0275ms
0.5,366.21193027177225,134807.0233994152,664.6652ms
0.6,315.21078920225386,99357.84162950714,682.7191ms
0.7,279.58259245616165,78166.4260045083,700.1097ms
0.8,249.02709902649786,62014.496049553105,712.0519ms
0.9,208.11845589453122,43313.29168392372,722.1249ms
