Alpha,Energy,Energy2,TimeElapsed
0.2,794.0489836702245,630513.7884677164,587.3211ms
0.3,415.6499343324089,172764.86791053583,599.9348ms
0.4,176.93993098201838,31307.73917592143,614.0373ms
0.5,1.5,2.25,631.4331ms
0.6,-138.02172447155885,19049.99642610291,640.7337ms
0.7,-256.1278579358721,65601.47961081828,654.945ms
0.8,-367.78820518654004,135268.1638743365,686.5696ms
0.9,-461.61099033896903,213084.70640172376,698.7381ms
