Alpha,Energy,Energy2,TimeElapsed
0.2,819.096909627642,670919.7473615536,130.9468ms
0.3,408.45155208017627,166832.67039670495,136.686ms
0.4,169.73570521509586,28810.20962486592,143.4692ms
0.5,0.5,0.25,150.1818ms
0.6,-136.75693199220663,18702.458447921028,162.4068ms
0.7,-268.77801445252874,72241.62105304375,175.4529ms
0.8,-367.67560358946776,135185.34947487945,205.1774ms
0.9,-475.6679765437281,226260.02390920467,220.7897ms
