Alpha,Energy,Energy2,TimeElapsed
0.2,805.2897142131377,648491.5238174769,342.5301ms
0.3,408.25805989162166,166674.64346647094,364.1322ms
0.4,169.67564115592475,28789.823201674146,371.6711ms
0.5,1,1,384.9691ms
0.6,-144.47709753541722,20873.63171225846,396.2651ms
0.7,-256.46921614984484,65776.45883251584,406.521ms
0.8,-363.9477422783506,132457.9591095087,425.0097ms
0.9,-480.00337732385185,230403.24224230408,439.8999ms
