StepSize,Alpha,Energy,Energy2
0.625,0.2,-9.980716569579291,99.61470324227558
0.625,0.3,0,0
0.625,0.4,0,0
0.625,0.5,-25,625
0.625,0.6,-30.011743659561063,900.7047574872196
0.625,0.7,-35.03123822447006,1227.1876515395625
0.625,0.8,-40.0219903253203,1601.7597096000386
0.625,0.9,0,0
