StepSize,Alpha,Energy,Energy2
0.625,0.2,0,0
0.625,0.3,0,0
0.625,0.4,-39.84240161723503,1587.4169675836158
