StepSize,Alpha,Energy,Energy2
0.625,0.2,0,0
0.625,0.3,-44.879886012650694,2014.2041685085046
0.625,0.4,-59.91389482474676,3589.674793070896
0.625,0.5,0,0
0.625,0.6,-90.29369394448136,8152.951220770122
0.625,0.7,-105.06112750704641,11037.8405130517
0.625,0.8,0,0
0.625,0.9,-135.5748300854718,18380.539814517444
