Alpha,Energy,Energy2,TimeElapsed
0.2,2.0555360076398554,53.173632380026575,7.221011038s
0.3,-13.598711546326262,251.33844832795933,8.100309777s
0.4,-55.271545293450586,3079.7579591263284,8.960975862s
0.5,-100,10000,9.822267576s
0.6,-150.1816326173833,22605.335788898894,10.715858101s
0.7,-205.7506914210854,42525.62670428533,11.580682521s
0.8,-269.0526989931898,72772.84927688101,12.447920227s
0.9,-309.600264073266,96728.43080267891,13.31221749s
