Alpha,Energy
0.2,29.165868433407976
0.25,27.45857207316006
0.3,25.9807979495464
0.35,26.23359638052673
0.4,24.860766177752375
0.45,25.066015085376005
0.5,24.44307168448967
0.55,24.56255589570397
0.6,24.44920902366666
0.65,25.760998826347066
0.7,25.490834432213976
0.75,26.45726045155231
0.8,27.41469495621187
0.85,28.640365188384887
0.9,28.99849251717467
0.95,30.021502034912796
1,30.38294243036048
