Alpha,Energy
0.2,33.323539557516575
0.25,29.889011204274983
0.3,26.03641981367562
0.35,23.078842837319193
0.4,24.23155156068468
0.45,24.078044439382
0.5,24.391297416181295
0.55,25.016001134416808
0.6,24.38869555035746
0.65,25.5295708141104
0.7,26.938127509344813
0.75,26.790010540993645
0.8,26.968217235612464
0.85,24.43816023905962
0.9,27.34020643587963
0.95,28.784579610170056
1,27.23825571942574
