Alpha,Energy,Time
0.2,6.2150978410474575,1.5204112
0.25,6.071640916451671,1.3713123
0.3,5.429104894884028,1.4553815
0.35,5.163693588124337,1.4871784
0.4,4.939610994918108,1.3942674
0.45,4.977670345887205,1.546681
0.5,5.00049999347855,1.4757761
0.55,5.030736989755719,1.4047989
0.6,5.096512231109917,1.4060262
0.65,5.2607237847191675,1.4500368
0.7,5.238749527108122,1.4059467
0.75,5.4729870215937195,1.3487218
0.8,5.18422465083625,1.3156242
