Alpha,Energy,Time
0.2,5.610504392721575,1.6836726
0.25,6.557670217803927,1.5942658
0.3,5.220886397642084,1.7202932
0.35,5.286085259812167,1.6893034
0.4,5.045218019154621,1.8760574
0.45,5.140994695393797,1.7727496
0.5,5.000499994998114,1.686116
0.55,4.983733302556519,1.6313785
0.6,5.069628348786915,1.7130018
0.65,4.77650484023249,1.6722504
0.7,5.373492200628317,1.6314779
0.75,5.197422320568341,1.514247
0.8,5.3913165400724425,1.5236152
