Alpha,Energy,Energy2,TimeElapsed
0.2,795.4824244827282,632792.2876609194,96.4114ms
0.3,397.80263770300576,158246.93856346887,104.7635ms
0.4,171.5729694356481,29437.28384096584,117.9196ms
0.5,0.5,0.25,130.4251ms
0.6,-144.0367630776699,20746.589117892807,134.8992ms
0.7,-257.84584899940717,66484.48184622508,160.4458ms
0.8,-389.4568155352719,151676.61116687482,181.2434ms
0.9,-474.75091733061265,225388.4335062582,199.6705ms
