Alpha,Energy,Energy2,TimeElapsed
0.2,800.8683895333194,641390.1773536926,335.575ms
0.3,412.5159486588077,170169.40789787608,345.5361ms
0.4,174.6666332572122,30508.432773409466,352.8461ms
0.5,1,1,369.488ms
0.6,-142.27344016456613,20241.731776260378,384.6537ms
0.7,-258.6705919591575,66910.47514450095,398.1732ms
0.8,-365.0413531363205,133255.18949959584,407.2476ms
0.9,-486.3111500325637,236498.5346459947,431.9947ms
