Alpha,Energy,Energy2,TimeElapsed
0.2,789.2915150180017,622981.0956794125,621.572ms
0.3,398.66780340689536,158936.01747327897,635.8738ms
0.4,173.74094808333078,30185.91704089464,652.0275ms
0.5,1.5,2.25,664.6652ms
0.6,-136.89274724899138,18739.624249376237,682.7191ms
0.7,-266.2992887579149,70915.31119297133,700.1097ms
0.8,-386.08227448133624,149059.52266868186,712.0519ms
0.9,-463.4853412037487,214818.66151075537,722.1249ms
