StepSize,Alpha,Energy,Energy2
0.75,0.2,-9.90912051305433,98.19066934223324
0.75,0.3,-14.978321232734793,224.35010695099743
0.75,0.4,-19.99117348139421,399.6470171632026
0.75,0.5,-25,625
0.75,0.6,-30.133103496345605,908.0039263214711
0.75,0.7,-35.03889291090056,1227.7240164215832
0.75,0.8,-40.0334402484778,1602.676338128484
0.75,0.9,-46.03094481200822,2118.850196083641
