StepSize,Alpha,Energy,Energy2
0.75,0.2,0,0
0.75,0.3,0,0
0.75,0.4,-39.766029948477836,1581.3371806389691
