StepSize,Alpha,Energy,Energy2
0.75,0.2,0,0
0.75,0.3,0,0
0.75,0.4,-59.849893996609225,3582.009811405506
0.75,0.5,0,0
0.75,0.6,0,0
0.75,0.7,-106.03486351764919,11243.392281206587
0.75,0.8,-120.10312183069047,14424.759873477919
0.75,0.9,0,0
