Alpha,Energy,Energy2,TimeElapsed
0.2,791.4768585714917,626435.617654197,84.1603ms
0.3,401.781237092325,161428.16247943908,91.6297ms
0.4,177.24570003260789,31416.038180049214,111.7764ms
0.5,0.5,0.25,131.2743ms
0.6,-137.35315942557688,18865.89040418794,166.8943ms
0.7,-263.20106332879294,69274.79973740727,171.6499ms
0.8,-367.69460671163034,135199.3238048205,190.3579ms
0.9,-492.3384067310096,242397.10674242905,207.3434ms
