Alpha,Energy,Energy2,TimeElapsed
0.2,793.9447456215423,630348.2591000556,585.1498ms
0.3,404.7276417388227,163804.4639874688,599.4642ms
0.4,173.9249536280745,30249.889494527863,608.0585ms
0.5,1.5,2.25,619.1227ms
0.6,-138.52383533057898,19188.85295469336,629.4793ms
0.7,-270.70959560556,73283.68515292584,639.5441ms
0.8,-379.09906075227354,143716.097863256,656.0348ms
0.9,-480.7272068084836,231098.64736588654,665.7311ms
