Alpha,Energy,Energy2,TimeElapsed
0.2,786.1112583038789,617970.9104321079,343.9869ms
0.3,398.25769973445114,158609.19539777623,359.3468ms
0.4,169.56414891170687,28752.0005961515,367.0595ms
0.5,1,1,387.3777ms
0.6,-137.93102810664018,19024.968514554763,399.6277ms
0.7,-255.12881177540137,65090.710597928184,415.5086ms
0.8,-383.2072180059339,146847.77193184735,426.3732ms
0.9,-463.46486668813395,214799.68265424977,439.536ms
