Alpha,Energy,Energy2,TimeElapsed
0.2,28.707105019632078,828.1622787533126,13.491653152s
0.3,11.449797795218032,150.301623614158,13.509422396s
0.4,-2.791850045785813,9.83026285530804,13.526627592s
0.5,-15,225,13.541128782s
0.6,-32.780738621960346,1076.8246891225597,13.557078547s
0.7,-44.13221291188499,1992.3127819712906,13.571165968s
0.8,-52.39231502214104,2776.342239867302,13.585727548s
0.9,-62.85997034626376,4010.857892814507,13.600505127s
