StepSize,Alpha,Energy,Energy2
0.875,0.2,-9.984581231328795,99.69186236500533
0.875,0.3,-14.989810134842028,224.69440787861757
0.875,0.4,-19.994057199635343,399.7623233022826
0.875,0.5,0,0
0.875,0.6,-30.00913357490571,900.5480979165293
0.875,0.7,0,0
0.875,0.8,-40.0286179424768,1602.2902543848313
0.875,0.9,0,0
