StepSize,Alpha,Energy,Energy2
0.875,0.2,-19.81862140107432,392.77775423912084
0.875,0.3,-29.973685479805376,898.4218212423115
0.875,0.4,0,0
