StepSize,Alpha,Energy,Energy2
0.5,0.2,301.8433352767445,91365.92343138755
0.5,0.3,214.26211289848922,46064.720082501386
0.5,0.4,115.60364263456361,13380.569813523864
0.5,0.5,-25,625
