StepSize,Alpha,Energy,Energy2
0.375,0.2,224.9033373225332,50621.05652578358
0.375,0.3,87.21189067188996,7610.501405796072
0.375,0.4,40.64912527747816,1652.981270226393
0.375,0.5,-25,625
