Alpha,Energy,Time
0.2,1.382731098488212,295.8235
0.25,1.2067891948886191,317.7511
0.3,1.0966967335813038,362.197
0.35,1.0591871456764246,258.2801
0.4,1.0343661085090592,227.3602
0.45,1.0003938928658225,237.8616
0.5,1.0000999992080923,224.5016
0.55,0.9975860895033402,204.9762
0.6,1.0173648378818794,203.858
0.65,1.0208995315483251,221.5809
0.7,1.0815509369667036,237.8138
0.75,1.0911414487903792,215.9202
0.8,1.1010296775147073,226.2782
