Alpha,Energy,Time
0.2,1.373513651391466,466.5942
0.25,1.1358161532138524,508.7512
0.3,1.1414920833899995,389.2234
0.35,1.137981867437273,342.4794
0.4,1.0049969996150703,326.7741
0.45,0.9935705486385019,342.8155
0.5,1.0000999994246034,356.9116
0.55,1.016144500163338,351.0003
0.6,1.0583464827224955,319.9275
0.65,1.0433585860068781,323.8944
0.7,0.9792276008682533,310.6642
0.75,1.121493663732039,300.5354
0.8,1.121155148486745,298.6942
